cover,ranking,rating,rating_count,title
https://img3.doubanio.com/view/photo/s_ratio_poster/public/p2457983084.jpg,1,9.1,462309,摔跤吧！爸爸
https://img3.doubanio.com/view/photo/s_ratio_poster/public/p2505525050.jpg,1,8.9,102876,请以你的名字呼唤我
https://img3.doubanio.com/view/photo/s_ratio_poster/public/p2498971355.jpg,1,8.7,318359,看不见的客人
https://img1.doubanio.com/view/photo/s_ratio_poster/public/p2496940327.jpg,1,8.6,187120,海边的曼彻斯特
https://img1.doubanio.com/view/photo/s_ratio_poster/public/p2501864539.jpg,1,8.4,161127,银翼杀手2049
https://img3.doubanio.com/view/photo/s_ratio_poster/public/p2504277551.jpg,1,8.6,56794,至暗时刻
https://img3.doubanio.com/view/photo/s_ratio_poster/public/p2494950714.jpg,1,8.5,297299,敦刻尔克
https://img3.doubanio.com/view/photo/s_ratio_poster/public/p2425658570.jpg,1,8.3,354813,爱乐之城
https://img1.doubanio.com/view/photo/s_ratio_poster/public/p2369971848.jpg,1,8.4,36076,杰出公民
https://img3.doubanio.com/view/photo/s_ratio_poster/public/p2501863104.jpg,1,8.2,272222,天才枪手
cover,ranking,rating,rating_count,title
https://img3.doubanio.com/view/photo/s_ratio_poster/public/p2457983084.jpg,1,9.1,462309,摔跤吧！爸爸
https://img3.doubanio.com/view/photo/s_ratio_poster/public/p2505525050.jpg,1,8.9,102876,请以你的名字呼唤我
https://img3.doubanio.com/view/photo/s_ratio_poster/public/p2498971355.jpg,1,8.7,318359,看不见的客人
https://img1.doubanio.com/view/photo/s_ratio_poster/public/p2496940327.jpg,1,8.6,187120,海边的曼彻斯特
https://img1.doubanio.com/view/photo/s_ratio_poster/public/p2501864539.jpg,1,8.4,161127,银翼杀手2049
https://img3.doubanio.com/view/photo/s_ratio_poster/public/p2504277551.jpg,1,8.6,56794,至暗时刻
https://img3.doubanio.com/view/photo/s_ratio_poster/public/p2494950714.jpg,1,8.5,297299,敦刻尔克
https://img3.doubanio.com/view/photo/s_ratio_poster/public/p2425658570.jpg,1,8.3,354813,爱乐之城
https://img1.doubanio.com/view/photo/s_ratio_poster/public/p2369971848.jpg,1,8.4,36076,杰出公民
https://img3.doubanio.com/view/photo/s_ratio_poster/public/p2501863104.jpg,1,8.2,272222,天才枪手
